Nome Ristorante,Voto,Recensione,Risposta Alla Recensione,Username
Joël Robuchon,5,"Esperienza indimenticabile, ogni piatto è un'opera d'arte.",,giulia.costa2
Quintessence,4,"Cucina sublime e presentazione impeccabile, ma servizio un po' lento.",,martina.colombo3
noma,5,Rivoluzionario! Una reinterpretazione unica della cucina nordica.,,marco.russo4
The French Laundry,3,Buona qualità ma non giustifica il prezzo esorbitante.,,martina.verdi6
Mirazur,4,Vista mozzafiato e piatti creativi che raccontano il territorio.,,alessandro.bianchi7
Fat Duck,5,Esperienza multisensoriale che supera ogni aspettativa.,,davide.russo8
Odette,4,Atmosfera raffinata e abbinamenti sorprendenti.,,luca.colombo9
Geranium,5,"Perfezione in ogni dettaglio, dal servizio alla presentazione.",,davide.russo10
Le Calandre,3,Buono ma ci aspettavamo di più da un ristorante stellato.,,chiara.rossi12
L'Enclume,4,Ingredienti locali trasformati in piatti memorabili.,,giulia.ferrari14
Hiša Franko,5,Ana Roš è un genio! Esperienza che fonde arte e cucina.,,martina.russo15
Benu,4,"Fusione asiatica innovativa, servizio eccellente.",,luca.bianchi16
Zén,5,Teatro culinario dove ogni atto è una sorpresa.,,martina.bianchi17
Addison,3,Atmosfera elegante ma alcuni piatti deludenti.,,elisa.gallo20
Atelier Crenn,4,"Poesia in cucina, ogni piatto racconta una storia.",,elisa.ferrari1
SingleThread,5,Agricoltura e cucina si fondono perfettamente.,,marco.verdi5
Core by Clare Smyth,4,"Donna straordinaria, cucina britannica elevata.",,luca.colombo13
Restaurant Gordon Ramsay,3,"Classico ma un po' datato, servizio impeccabile.",,giulia.gallo18
The Ledbury,4,Ottimo rapporto qualità-prezzo per un ristorante stellato.,,chiara.costa19
Blue Hill at Stone Barns,5,Sostenibilità e gusto in perfetto equilibrio.,,marco.russo11
